instance,optimal,min,mean,gap_min,gap_mean
comp01.ctt,5,326,346.6666666666667,64.2,68.33333333333333
comp11.ctt,0,220,232.0,0,0.0
