instance,optimal,min,mean,gap_min,gap_mean
comp16.ctt,18,373,435.8,19.72222222222222,23.21111111111111
comp17.ctt,56,379,474.2,5.767857142857143,7.467857142857143
comp18.ctt,61,42,52.2,-0.3114754098360656,-0.14426229508196722
comp19.ctt,57,273,283.8,3.789473684210526,3.9789473684210526
comp20.ctt,4,758,846.4,188.5,210.6
comp21.ctt,74,277,289.8,2.7432432432432434,2.9162162162162164
