instance,optimal,min,mean,gap_min,gap_mean
comp06.ctt,27,668,729.0,23.74074074074074,26.0
comp07.ctt,6,771,931.8,127.5,154.3
comp08.ctt,37,294,326.0,6.945945945945946,7.810810810810811
comp09.ctt,96,216,224.0,1.25,1.3333333333333335
comp10.ctt,4,354,394.4,87.5,97.6
