instance,optimal,min,mean,gap_min,gap_mean
comp01.ctt,5,252,330.8,49.4,65.16
comp02.ctt,24,257,291.8,9.708333333333334,11.158333333333335
comp03.ctt,64,285,295.4,3.453125,3.615625
comp04.ctt,35,351,369.4,9.028571428571428,9.554285714285713
comp05.ctt,284,219,301.6,-0.22887323943661972,0.0619718309859155
