instance,optimal,min,mean,gap_min,gap_mean
comp01.ctt,4,299,350.3333333333333,73.75,86.58333333333333
comp11.ctt,0,140,212.33333333333334,0,0.0
