instance,optimal,min,mean,gap_min,gap_mean
comp11.ctt,0,150,268.0,0,0.0
comp12.ctt,294,145,195.0,-0.5068027210884354,-0.336734693877551
comp13.ctt,59,350,384.6,4.932203389830509,5.51864406779661
comp14.ctt,51,254,257.6,3.980392156862745,4.050980392156863
comp15.ctt,62,285,305.2,3.596774193548387,3.9225806451612906
